win,lose,probability
Philadelphia 76ers,Boston Celtics,0.5007108387221767
Golden State Warriors,Oklahoma City Thunder,0.6213732360108299
Milwaukee Bucks,Charlotte Hornets,0.6127032473830752
Detroit Pistons,Brooklyn Nets,0.7176115419469877
Houston Rockets,New Orleans Pelicans,0.6883850012437793
Indiana Pacers,Memphis Grizzlies,0.8746585917220521
Denver Nuggets,Los Angeles Clippers,0.6009379299913711
New York Knicks,Atlanta Hawks,0.6611413461560047
Miami Heat,Orlando Magic,0.7818598354245655
Dallas Mavericks,Phoenix Suns,0.5449816406444108
Utah Jazz,Sacramento Kings,0.8489650109528734
San Antonio Spurs,Minnesota Timberwolves,0.5031972063155516
Toronto Raptors,Cleveland Cavaliers,0.6442152276979054
Philadelphia 76ers,Chicago Bulls,0.8946050340211062
Portland Trail Blazers,Los Angeles Lakers,0.7253780600200503
Miami Heat,Washington Wizards,0.524529671019843
Brooklyn Nets,New York Knicks,0.5388284152916019
Oklahoma City Thunder,Los Angeles Clippers,0.6215859392630225
Memphis Grizzlies,Atlanta Hawks,0.5078448531059514
Indiana Pacers,Milwaukee Bucks,0.5970123614110685
Cleveland Cavaliers,Minnesota Timberwolves,0.5262575225377011
New Orleans Pelicans,Sacramento Kings,0.8454166411060305
Charlotte Hornets,Orlando Magic,0.63940863688753
Toronto Raptors,Boston Celtics,0.5490937599294156
Golden State Warriors,Utah Jazz,0.6454935159960589
Detroit Pistons,Chicago Bulls,0.7017482804388172
Minnesota Timberwolves,Dallas Mavericks,0.7885737600047408
Denver Nuggets,Phoenix Suns,0.9116787494885814
Indiana Pacers,Brooklyn Nets,0.8008953051848484
Houston Rockets,Los Angeles Lakers,0.8690535216040617
Miami Heat,Charlotte Hornets,0.6337457700524576
Boston Celtics,New York Knicks,0.8249616774420976
Philadelphia 76ers,Orlando Magic,0.8817095632568825
San Antonio Spurs,Portland Trail Blazers,0.5055805353144986
Toronto Raptors,Washington Wizards,0.7247020105571071
Cleveland Cavaliers,Atlanta Hawks,0.8582147555159889
Golden State Warriors,Denver Nuggets,0.6709439915484179
Houston Rockets,Los Angeles Clippers,0.8302033525553558
Oklahoma City Thunder,Sacramento Kings,0.8583335846880106
Boston Celtics,Orlando Magic,0.875339369534857
Dallas Mavericks,Chicago Bulls,0.6068098634075856
Golden State Warriors,Phoenix Suns,0.9534897887043706
San Antonio Spurs,Los Angeles Lakers,0.6793354376821802
Milwaukee Bucks,New York Knicks,0.7591495452607889
Indiana Pacers,Minnesota Timberwolves,0.525242622128205
Portland Trail Blazers,Washington Wizards,0.5372702887629013
Toronto Raptors,Charlotte Hornets,0.8172114794958462
Utah Jazz,Memphis Grizzlies,0.885115316448526
Denver Nuggets,Sacramento Kings,0.8382335179557814
Philadelphia 76ers,Detroit Pistons,0.6890498210489623
New Orleans Pelicans,Los Angeles Clippers,0.6141045437766834
Atlanta Hawks,Dallas Mavericks,0.5290890323326782
Charlotte Hornets,Chicago Bulls,0.6325653590545445
Cleveland Cavaliers,Brooklyn Nets,0.81855322469153
Golden State Warriors,Washington Wizards,0.6722049931287926
Houston Rockets,Utah Jazz,0.6422684408528307
Miami Heat,New York Knicks,0.7666666394148088
Philadelphia 76ers,Milwaukee Bucks,0.6450551182620085
Los Angeles Lakers,Phoenix Suns,0.711278844180986
Sacramento Kings,Memphis Grizzlies,0.6329846426621621
Indiana Pacers,San Antonio Spurs,0.5285701742948502
Toronto Raptors,Minnesota Timberwolves,0.6737008596595189
Cleveland Cavaliers,Detroit Pistons,0.6446054747226222
Denver Nuggets,Los Angeles Lakers,0.6714877342397298
Boston Celtics,Oklahoma City Thunder,0.5964391668242456
Portland Trail Blazers,Orlando Magic,0.8173385183012505
Charlotte Hornets,Chicago Bulls,0.7594469685766952
Houston Rockets,Los Angeles Clippers,0.792292201928099
Minnesota Timberwolves,Milwaukee Bucks,0.5419189768134228
New Orleans Pelicans,Brooklyn Nets,0.8071629727853092
Golden State Warriors,New York Knicks,0.8475825187300032
Washington Wizards,Sacramento Kings,0.7943833136960238
Toronto Raptors,Dallas Mavericks,0.9104537515117669
Atlanta Hawks,Chicago Bulls,0.5677171928604421
Indiana Pacers,Cleveland Cavaliers,0.5043519534134531
Boston Celtics,Detroit Pistons,0.7295039061323435
Memphis Grizzlies,Phoenix Suns,0.6668555269656304
Portland Trail Blazers,Miami Heat,0.5932217752311981
Milwaukee Bucks,Orlando Magic,0.7948621770183099
Utah Jazz,New Orleans Pelicans,0.5717453797153013
Philadelphia 76ers,Charlotte Hornets,0.7615129061086521
San Antonio Spurs,Los Angeles Lakers,0.7080260739643687
Golden State Warriors,Brooklyn Nets,0.8756240353437617
Utah Jazz,Dallas Mavericks,0.8375642950328627
Washington Wizards,Los Angeles Clippers,0.5679498054680981
Oklahoma City Thunder,Phoenix Suns,0.923485988991353
Golden State Warriors,Chicago Bulls,0.8817626865622525
New Orleans Pelicans,Denver Nuggets,0.5338413475453173
Portland Trail Blazers,Indiana Pacers,0.5393967820935504
Miami Heat,Sacramento Kings,0.8084437538631011
Toronto Raptors,Milwaukee Bucks,0.743966819837087
Minnesota Timberwolves,Los Angeles Lakers,0.7107779477520838
New York Knicks,Brooklyn Nets,0.59252653139371
Philadelphia 76ers,Atlanta Hawks,0.8888601151876508
San Antonio Spurs,Dallas Mavericks,0.8329951899631526
Boston Celtics,Detroit Pistons,0.6875929155363532
Miami Heat,Charlotte Hornets,0.6298946483553381
Cleveland Cavaliers,Atlanta Hawks,0.8582147555159889
Houston Rockets,Portland Trail Blazers,0.680498918417961
Washington Wizards,Memphis Grizzlies,0.8331731100028249
Oklahoma City Thunder,Los Angeles Clippers,0.6380753447414911
Orlando Magic,Sacramento Kings,0.5790344742329294
Toronto Raptors,Philadelphia 76ers,0.5971095661378565
Detroit Pistons,Brooklyn Nets,0.6895541161253373
Denver Nuggets,Chicago Bulls,0.8022838291738547
Golden State Warriors,New Orleans Pelicans,0.6342695024952985
Los Angeles Lakers,Dallas Mavericks,0.7239399583735284
Utah Jazz,Minnesota Timberwolves,0.5738870380134871
Indiana Pacers,New York Knicks,0.7594313594536365
San Antonio Spurs,Phoenix Suns,0.8693500025429245
Atlanta Hawks,Sacramento Kings,0.5464847023846013
Boston Celtics,Milwaukee Bucks,0.6155316261707888
Oklahoma City Thunder,Charlotte Hornets,0.6840242554773167
Cleveland Cavaliers,Denver Nuggets,0.5062473422488227
Philadelphia 76ers,Los Angeles Clippers,0.6938337213013959
New Orleans Pelicans,Portland Trail Blazers,0.5045597452580758
Houston Rockets,Brooklyn Nets,0.9255818725014027
Indiana Pacers,Chicago Bulls,0.808923247777787
Dallas Mavericks,New York Knicks,0.5243583085560822
Golden State Warriors,Minnesota Timberwolves,0.6608505591898709
Los Angeles Clippers,Orlando Magic,0.7141623494034368
Toronto Raptors,Phoenix Suns,0.9292669008120038
Utah Jazz,Memphis Grizzlies,0.885115316448526
Oklahoma City Thunder,Washington Wizards,0.5838894167726005
Miami Heat,Atlanta Hawks,0.8035878778114451
Houston Rockets,Chicago Bulls,0.9294534786861758
Cleveland Cavaliers,Charlotte Hornets,0.6752191693656575
Utah Jazz,Denver Nuggets,0.5849018389061557
Boston Celtics,Indiana Pacers,0.6301481389829159
Philadelphia 76ers,Detroit Pistons,0.7002719259642696
Portland Trail Blazers,Los Angeles Lakers,0.7253780600200503
New Orleans Pelicans,San Antonio Spurs,0.5259069443500616
Philadelphia 76ers,Brooklyn Nets,0.8305835741726891
Toronto Raptors,Los Angeles Lakers,0.8070536469325383
Milwaukee Bucks,Sacramento Kings,0.8019248316763199
Phoenix Suns,Memphis Grizzlies,0.5431554329295138
Portland Trail Blazers,Minnesota Timberwolves,0.5245477922219594
San Antonio Spurs,Orlando Magic,0.8365956821007527
Washington Wizards,New York Knicks,0.7767463907999088
Boston Celtics,Denver Nuggets,0.633445053237019
Miami Heat,Detroit Pistons,0.5975550477240854
Golden State Warriors,Memphis Grizzlies,0.9318061106539395
Houston Rockets,Indiana Pacers,0.7802939875056749
Minnesota Timberwolves,Los Angeles Clippers,0.5804398525830646
New York Knicks,Chicago Bulls,0.6743446654124221
Oklahoma City Thunder,New Orleans Pelicans,0.5052003510431555
Cleveland Cavaliers,Orlando Magic,0.8140674933169453
Toronto Raptors,Utah Jazz,0.6696816614439901
Charlotte Hornets,Atlanta Hawks,0.7484067132133962
Washington Wizards,Dallas Mavericks,0.779930556980362
Brooklyn Nets,Phoenix Suns,0.5933521756201318
Portland Trail Blazers,Milwaukee Bucks,0.559763597847035
New York Knicks,Atlanta Hawks,0.5159616746574883
Oklahoma City Thunder,Cleveland Cavaliers,0.5154750138510931
Philadelphia 76ers,Indiana Pacers,0.5833221421327834
Minnesota Timberwolves,Los Angeles Lakers,0.6525180724077501
Denver Nuggets,Memphis Grizzlies,0.8512157255634384
San Antonio Spurs,Miami Heat,0.5853728979302661
New Orleans Pelicans,Chicago Bulls,0.8563331162311625
Detroit Pistons,Orlando Magic,0.7078980557943282
Toronto Raptors,Sacramento Kings,0.9005626745968189
Utah Jazz,Dallas Mavericks,0.8440034137042993
Golden State Warriors,Milwaukee Bucks,0.6919005060296834
Houston Rockets,Oklahoma City Thunder,0.7549479259342348
Boston Celtics,Phoenix Suns,0.9090915147790583
Portland Trail Blazers,Los Angeles Clippers,0.6290115467657222
Detroit Pistons,Atlanta Hawks,0.7344913869441841
Denver Nuggets,Brooklyn Nets,0.7986256980358069
Indiana Pacers,Miami Heat,0.5869741459100807
Washington Wizards,Orlando Magic,0.7848752684843616
Philadelphia 76ers,Charlotte Hornets,0.7615129061086521
Minnesota Timberwolves,Sacramento Kings,0.8026025513936172
Boston Celtics,Utah Jazz,0.606793989528936
Cleveland Cavaliers,Chicago Bulls,0.8095516037927017
Oklahoma City Thunder,Dallas Mavericks,0.8157862571639943
Golden State Warriors,Brooklyn Nets,0.8873423091335463
Milwaukee Bucks,Los Angeles Clippers,0.5455351771939784
Philadelphia 76ers,Memphis Grizzlies,0.879839209077864
Washington Wizards,Miami Heat,0.543189164232428
New Orleans Pelicans,Phoenix Suns,0.9159276873120493
Los Angeles Lakers,Sacramento Kings,0.6293928499496855
Houston Rockets,San Antonio Spurs,0.7772480737168321
Toronto Raptors,New York Knicks,0.8946205291337559
Denver Nuggets,Milwaukee Bucks,0.5306787918360569
Detroit Pistons,Charlotte Hornets,0.5765071719140076
Houston Rockets,Indiana Pacers,0.6860884235144045
Los Angeles Lakers,Atlanta Hawks,0.7428106480422938
New York Knicks,Orlando Magic,0.645188102334895
Boston Celtics,Portland Trail Blazers,0.6058000357697189
Chicago Bulls,Dallas Mavericks,0.5691494371142392
Golden State Warriors,Los Angeles Clippers,0.7345777672094215
Utah Jazz,Memphis Grizzlies,0.8790259944228221
Philadelphia 76ers,Miami Heat,0.6354829431691318
Minnesota Timberwolves,Brooklyn Nets,0.8057970100529684
Oklahoma City Thunder,Phoenix Suns,0.923485988991353
San Antonio Spurs,Sacramento Kings,0.8210141627585807
Toronto Raptors,New Orleans Pelicans,0.6475898728834822
Washington Wizards,Orlando Magic,0.8105011226687734
Cleveland Cavaliers,Charlotte Hornets,0.7073156902864903
Houston Rockets,Denver Nuggets,0.7827139906688726
Golden State Warriors,Atlanta Hawks,0.9135555082904283
Boston Celtics,Chicago Bulls,0.8888417390073364
Miami Heat,Brooklyn Nets,0.7666294482202101
Utah Jazz,Dallas Mavericks,0.8375642950328627
Portland Trail Blazers,Los Angeles Lakers,0.686358634484417
Milwaukee Bucks,Memphis Grizzlies,0.8431487231869358
New Orleans Pelicans,Minnesota Timberwolves,0.5225775731514077
Oklahoma City Thunder,New York Knicks,0.8250829401205857
Philadelphia 76ers,Orlando Magic,0.8424976455844342
San Antonio Spurs,Phoenix Suns,0.8693500025429245
Toronto Raptors,Detroit Pistons,0.7658759677852168
Cleveland Cavaliers,Washington Wizards,0.5740316241212283
Denver Nuggets,Atlanta Hawks,0.841801245515382
Houston Rockets,Golden State Warriors,0.5537156050162264
San Antonio Spurs,Los Angeles Clippers,0.609490849083076
Toronto Raptors,Boston Celtics,0.6158947522432372
Indiana Pacers,Miami Heat,0.5159861981678379
Memphis Grizzlies,Sacramento Kings,0.5012082802116042
Milwaukee Bucks,Chicago Bulls,0.8152414276946076
Portland Trail Blazers,Minnesota Timberwolves,0.5316790094345376
New Orleans Pelicans,New York Knicks,0.8098060397593869
Philadelphia 76ers,Utah Jazz,0.5161267733017266
Washington Wizards,Brooklyn Nets,0.7737722477506579
Boston Celtics,Utah Jazz,0.5012065650047713
Los Angeles Clippers,Brooklyn Nets,0.6960428896182219
Toronto Raptors,Chicago Bulls,0.8925144522830988
Philadelphia 76ers,Charlotte Hornets,0.7175128246896432
Golden State Warriors,Dallas Mavericks,0.8818163919583338
Houston Rockets,Sacramento Kings,0.9291230155170022
Indiana Pacers,Atlanta Hawks,0.843679487070218
Denver Nuggets,New Orleans Pelicans,0.5124737131003441
Los Angeles Lakers,Orlando Magic,0.6159439359811092
Oklahoma City Thunder,Phoenix Suns,0.8750466233596351
Miami Heat,Los Angeles Lakers,0.6567289824051383
Minnesota Timberwolves,Memphis Grizzlies,0.8780209147698218
Orlando Magic,New York Knicks,0.5171096566664712
Golden State Warriors,San Antonio Spurs,0.6638738678900689
Portland Trail Blazers,Washington Wizards,0.5793434030876652
Los Angeles Clippers,Atlanta Hawks,0.7403945192386099
Boston Celtics,Charlotte Hornets,0.7555774606740645
Cleveland Cavaliers,Detroit Pistons,0.6446054747226222
Utah Jazz,Indiana Pacers,0.581456799670727
Dallas Mavericks,Memphis Grizzlies,0.5162833673447584
Denver Nuggets,Milwaukee Bucks,0.5867710733483568
San Antonio Spurs,New Orleans Pelicans,0.5214126594745168
Philadelphia 76ers,Phoenix Suns,0.939446603840837
Oklahoma City Thunder,Sacramento Kings,0.8284023295745562
Miami Heat,Brooklyn Nets,0.7635990837656579
Portland Trail Blazers,New York Knicks,0.7641186377454002
Toronto Raptors,Orlando Magic,0.8953175144526729
Washington Wizards,Los Angeles Clippers,0.5652885509104153
Toronto Raptors,Atlanta Hawks,0.9070874688392198
Boston Celtics,New York Knicks,0.8510109855127579
Chicago Bulls,Phoenix Suns,0.7383741810927521
Indiana Pacers,Charlotte Hornets,0.6743259022005518
Cleveland Cavaliers,Los Angeles Lakers,0.7276661156495624
Dallas Mavericks,Brooklyn Nets,0.5200992232816162
Golden State Warriors,Oklahoma City Thunder,0.6213732360108299
Houston Rockets,Detroit Pistons,0.7972649468053532
Portland Trail Blazers,Milwaukee Bucks,0.6032107922529557
Denver Nuggets,Minnesota Timberwolves,0.5146601668811834
Philadelphia 76ers,New Orleans Pelicans,0.5675558139266215
San Antonio Spurs,Memphis Grizzlies,0.8765840140081366
Utah Jazz,Sacramento Kings,0.8529981310672994
Boston Celtics,Atlanta Hawks,0.8813932411034748
Minnesota Timberwolves,Brooklyn Nets,0.7787218085222718
Miami Heat,Chicago Bulls,0.7767761930607523
Denver Nuggets,Orlando Magic,0.8321945943323446
Houston Rockets,Detroit Pistons,0.8489815053305503
Golden State Warriors,Portland Trail Blazers,0.625758446672615
San Antonio Spurs,Indiana Pacers,0.5313298497470713
Los Angeles Clippers,Memphis Grizzlies,0.8352227115439541
Utah Jazz,Los Angeles Lakers,0.7219173309954889
Milwaukee Bucks,Phoenix Suns,0.8896854676729742
New Orleans Pelicans,New York Knicks,0.7574739152103023
Oklahoma City Thunder,Charlotte Hornets,0.7129813881106785
Philadelphia 76ers,Cleveland Cavaliers,0.5639308418896518
Toronto Raptors,Washington Wizards,0.6848302536198718
Houston Rockets,Cleveland Cavaliers,0.7600044290540477
Boston Celtics,Dallas Mavericks,0.8634578335283608
Golden State Warriors,Sacramento Kings,0.9114357468720988
San Antonio Spurs,Milwaukee Bucks,0.5954232065252721
Minnesota Timberwolves,Chicago Bulls,0.8552529911649509
Oklahoma City Thunder,Denver Nuggets,0.5131260889275342
New Orleans Pelicans,Washington Wizards,0.5704198487015105
Charlotte Hornets,Atlanta Hawks,0.6693246508332343
Philadelphia 76ers,Brooklyn Nets,0.8305835741726891
Detroit Pistons,Phoenix Suns,0.8686671062334115
Los Angeles Lakers,Orlando Magic,0.7291270513041541
New York Knicks,Memphis Grizzlies,0.5610716885365542
Portland Trail Blazers,Los Angeles Clippers,0.6290115467657222
Utah Jazz,Sacramento Kings,0.8489650109528734
Toronto Raptors,Miami Heat,0.6886528485664584
San Antonio Spurs,Chicago Bulls,0.807900862309064
Milwaukee Bucks,Charlotte Hornets,0.6127032473830752
Cleveland Cavaliers,Minnesota Timberwolves,0.5274189814799437
Golden State Warriors,Orlando Magic,0.9078290582494324
Boston Celtics,New Orleans Pelicans,0.6208297653623769
Indiana Pacers,Utah Jazz,0.5082712843398706
Houston Rockets,Washington Wizards,0.806830336894785
Denver Nuggets,Los Angeles Lakers,0.701398107987773
Detroit Pistons,New York Knicks,0.7210578474901066
Toronto Raptors,Memphis Grizzlies,0.9213059439013696
Miami Heat,Atlanta Hawks,0.8125215431507993
Indiana Pacers,Phoenix Suns,0.8700979300002901
Utah Jazz,Brooklyn Nets,0.8295016085856507
Charlotte Hornets,Atlanta Hawks,0.7484067132133962
Houston Rockets,Dallas Mavericks,0.9243732402878149
Los Angeles Clippers,Phoenix Suns,0.8837869259838278
Milwaukee Bucks,Chicago Bulls,0.8152414276946076
San Antonio Spurs,Minnesota Timberwolves,0.5235962916049742
New Orleans Pelicans,Washington Wizards,0.5214813195914245
Oklahoma City Thunder,Cleveland Cavaliers,0.5015117705586145
Philadelphia 76ers,New York Knicks,0.8584232944365284
Portland Trail Blazers,Orlando Magic,0.8479477061575299
Indiana Pacers,Los Angeles Lakers,0.6807717020895935
Los Angeles Clippers,Sacramento Kings,0.7257035088299928
Toronto Raptors,Golden State Warriors,0.5078935752849403
Boston Celtics,Cleveland Cavaliers,0.5491971960841591
Brooklyn Nets,Memphis Grizzlies,0.6658445050616129
Utah Jazz,Charlotte Hornets,0.7159556921428374
Detroit Pistons,Chicago Bulls,0.7834908748406706
Los Angeles Lakers,Dallas Mavericks,0.7239399583735284
New Orleans Pelicans,Miami Heat,0.5843814215809242
Oklahoma City Thunder,Atlanta Hawks,0.8615312390057006
Philadelphia 76ers,Washington Wizards,0.6081359535753164
Orlando Magic,Phoenix Suns,0.5385002134821348
Portland Trail Blazers,Denver Nuggets,0.5033686443647897
Houston Rockets,San Antonio Spurs,0.7772480737168321
Toronto Raptors,Cleveland Cavaliers,0.6662039579595083
Golden State Warriors,Detroit Pistons,0.7608854191653643
Houston Rockets,Chicago Bulls,0.9345856392298506
Boston Celtics,Minnesota Timberwolves,0.6228878622359196
Milwaukee Bucks,New York Knicks,0.7069129060357559
Indiana Pacers,Sacramento Kings,0.8219821351762391
Washington Wizards,Brooklyn Nets,0.7737722477506579
New Orleans Pelicans,Charlotte Hornets,0.6719750837359371
Los Angeles Clippers,Dallas Mavericks,0.7081965598794497
Los Angeles Lakers,Phoenix Suns,0.8485461811273034
Utah Jazz,Miami Heat,0.63370447813428
Philadelphia 76ers,Memphis Grizzlies,0.9118212839997376
Portland Trail Blazers,San Antonio Spurs,0.5350013873295133
Golden State Warriors,Atlanta Hawks,0.8976262338322467
Cleveland Cavaliers,Brooklyn Nets,0.8005120719984055
Oklahoma City Thunder,Detroit Pistons,0.6538150018619293
Houston Rockets,Minnesota Timberwolves,0.7749283786950009
New Orleans Pelicans,Los Angeles Clippers,0.6141045437766834
Washington Wizards,New York Knicks,0.7253749840428361
Toronto Raptors,Denver Nuggets,0.65479329441937
Portland Trail Blazers,Dallas Mavericks,0.8129621688492435
Indiana Pacers,Chicago Bulls,0.8513693142838339
Miami Heat,Orlando Magic,0.8015560208562175
Sacramento Kings,Phoenix Suns,0.5275781570404853
San Antonio Spurs,Utah Jazz,0.5066213835406025
Washington Wizards,Atlanta Hawks,0.806377337004588
Oklahoma City Thunder,Brooklyn Nets,0.8068918218523516
Golden State Warriors,Cleveland Cavaliers,0.6418973278331257
San Antonio Spurs,Los Angeles Lakers,0.6793354376821802
Los Angeles Clippers,Memphis Grizzlies,0.7737598073847537
Milwaukee Bucks,Detroit Pistons,0.5484376098043493
Minnesota Timberwolves,Charlotte Hornets,0.689703681329439
New Orleans Pelicans,Dallas Mavericks,0.8360471933317472
Denver Nuggets,Orlando Magic,0.806930951890792
Toronto Raptors,Philadelphia 76ers,0.5971095661378565
Boston Celtics,New York Knicks,0.8510109855127579
Portland Trail Blazers,Phoenix Suns,0.9206813063665893
Houston Rockets,Utah Jazz,0.7628527367081318
Toronto Raptors,Brooklyn Nets,0.8868623886560285
Oklahoma City Thunder,Chicago Bulls,0.8157088170210866
Denver Nuggets,Charlotte Hornets,0.6649467358494145
Cleveland Cavaliers,Sacramento Kings,0.854953407948972
Philadelphia 76ers,Detroit Pistons,0.6890498210489623
Golden State Warriors,Milwaukee Bucks,0.7229680733009821
New Orleans Pelicans,Memphis Grizzlies,0.8789551878024422
Indiana Pacers,Orlando Magic,0.8134506034307705
Miami Heat,Phoenix Suns,0.8462872765016003
San Antonio Spurs,Los Angeles Lakers,0.7080260739643687
Denver Nuggets,Atlanta Hawks,0.8267152286972583
Boston Celtics,Chicago Bulls,0.8633970779266475
Cleveland Cavaliers,Washington Wizards,0.5401320045117881
Houston Rockets,Dallas Mavericks,0.9294872543773677
Indiana Pacers,Sacramento Kings,0.8401460742994703
Miami Heat,Los Angeles Clippers,0.5635844097040953
Los Angeles Lakers,Memphis Grizzlies,0.687046067568989
New York Knicks,Brooklyn Nets,0.59252653139371
Portland Trail Blazers,Minnesota Timberwolves,0.5245477922219594
New Orleans Pelicans,Detroit Pistons,0.6412180843677959
Charlotte Hornets,New York Knicks,0.5621208078297144
Utah Jazz,San Antonio Spurs,0.5771481261152277
Toronto Raptors,Milwaukee Bucks,0.704101103124687
Boston Celtics,New Orleans Pelicans,0.5528475308562855
Chicago Bulls,Sacramento Kings,0.58622258320339
Dallas Mavericks,Orlando Magic,0.5754138361676147
Denver Nuggets,Memphis Grizzlies,0.8730965854655381
Golden State Warriors,Minnesota Timberwolves,0.6608505591898709
Indiana Pacers,Washington Wizards,0.511547312084134
Miami Heat,Los Angeles Lakers,0.6367461186043843
Cleveland Cavaliers,Milwaukee Bucks,0.5979912650731388
Utah Jazz,Oklahoma City Thunder,0.5465037567970112
Philadelphia 76ers,Detroit Pistons,0.7002719259642696
Los Angeles Clippers,Phoenix Suns,0.7932982125766516
Houston Rockets,Portland Trail Blazers,0.680498918417961
Toronto Raptors,Los Angeles Clippers,0.754994733055985
San Antonio Spurs,Phoenix Suns,0.9142100848205488
Detroit Pistons,Charlotte Hornets,0.5350485346851469
Cleveland Cavaliers,New York Knicks,0.8210747811482584
Dallas Mavericks,Atlanta Hawks,0.5925229503593461
Toronto Raptors,Golden State Warriors,0.5333914463203638
Indiana Pacers,Milwaukee Bucks,0.5342069709589841
Portland Trail Blazers,Memphis Grizzlies,0.8596512855408821
Oklahoma City Thunder,New Orleans Pelicans,0.5341506728332907
Philadelphia 76ers,Brooklyn Nets,0.856335987994
Minnesota Timberwolves,Sacramento Kings,0.8026025513936172
Utah Jazz,Miami Heat,0.5406509033231588
Boston Celtics,Washington Wizards,0.6670819401459884
Houston Rockets,Los Angeles Lakers,0.8559580644297055
Orlando Magic,Chicago Bulls,0.599858877847832
Dallas Mavericks,Phoenix Suns,0.5449816406444108
San Antonio Spurs,Los Angeles Clippers,0.608853973580784
Boston Celtics,Atlanta Hawks,0.8828238191993407
Washington Wizards,Brooklyn Nets,0.769793427733569
Charlotte Hornets,New York Knicks,0.692799104871719
Cleveland Cavaliers,Milwaukee Bucks,0.5625994556768037
Oklahoma City Thunder,Denver Nuggets,0.5475481102203558
Miami Heat,Memphis Grizzlies,0.8306886342140897
Philadelphia 76ers,Indiana Pacers,0.5649315434670733
Toronto Raptors,Portland Trail Blazers,0.6687598976482306
Golden State Warriors,Sacramento Kings,0.8905172162697608
Charlotte Hornets,Los Angeles Lakers,0.5676833284622531
Boston Celtics,Detroit Pistons,0.7295039061323435
Houston Rockets,Memphis Grizzlies,0.9489166629625653
Oklahoma City Thunder,Los Angeles Clippers,0.6380753447414911
Utah Jazz,Orlando Magic,0.8414772463423331
Minnesota Timberwolves,Phoenix Suns,0.8550325857622001
San Antonio Spurs,Chicago Bulls,0.853592608844429
Brooklyn Nets,Atlanta Hawks,0.6064756370354597
Philadelphia 76ers,Cleveland Cavaliers,0.5552113373482787
Dallas Mavericks,Sacramento Kings,0.5860976017154446
Toronto Raptors,Denver Nuggets,0.6942182489563399
Indiana Pacers,New York Knicks,0.8036033757823763
New Orleans Pelicans,Miami Heat,0.5259135946553267
Washington Wizards,Los Angeles Lakers,0.669510675467131
Milwaukee Bucks,Detroit Pistons,0.5798634149440617
Golden State Warriors,Memphis Grizzlies,0.9318061106539395
Houston Rockets,Utah Jazz,0.6422684408528307
Portland Trail Blazers,Los Angeles Clippers,0.6171817472019906
Minnesota Timberwolves,Sacramento Kings,0.844269368711658
New York Knicks,Phoenix Suns,0.7910059601186709
Oklahoma City Thunder,Chicago Bulls,0.8684797882408191
Philadelphia 76ers,San Antonio Spurs,0.5790187683024053
Washington Wizards,Atlanta Hawks,0.806377337004588
Los Angeles Lakers,Brooklyn Nets,0.5951280519846884
Denver Nuggets,Dallas Mavericks,0.8285170051055635
Cleveland Cavaliers,Indiana Pacers,0.5339863297167383
Boston Celtics,Phoenix Suns,0.9359598421652323
Chicago Bulls,Brooklyn Nets,0.5202278201015439
Cleveland Cavaliers,Charlotte Hornets,0.6752191693656575
Houston Rockets,Washington Wizards,0.7231573437256897
New Orleans Pelicans,Milwaukee Bucks,0.5944391124498404
Minnesota Timberwolves,Detroit Pistons,0.6192427922160988
San Antonio Spurs,Orlando Magic,0.8124468257370379
Philadelphia 76ers,New York Knicks,0.8584232944365284
Portland Trail Blazers,Memphis Grizzlies,0.885538060683805
Oklahoma City Thunder,Sacramento Kings,0.8284023295745562
Toronto Raptors,Indiana Pacers,0.6451476225041808
Golden State Warriors,Utah Jazz,0.6454935159960589
Los Angeles Clippers,Dallas Mavericks,0.7806805960435433
Houston Rockets,Miami Heat,0.8155923889134793
Boston Celtics,Milwaukee Bucks,0.6155316261707888
Indiana Pacers,Brooklyn Nets,0.7998612646843367
Chicago Bulls,Orlando Magic,0.5755397073559156
Detroit Pistons,Charlotte Hornets,0.5350485346851469
New Orleans Pelicans,Los Angeles Lakers,0.6784452244830028
New York Knicks,Atlanta Hawks,0.6611413461560047
Utah Jazz,Portland Trail Blazers,0.556160975488332
Sacramento Kings,Memphis Grizzlies,0.6329846426621621
San Antonio Spurs,Minnesota Timberwolves,0.5031972063155516
Toronto Raptors,Cleveland Cavaliers,0.6442152276979054
Golden State Warriors,Dallas Mavericks,0.905621071876122
Houston Rockets,San Antonio Spurs,0.6875083545377796
Denver Nuggets,Los Angeles Clippers,0.6009379299913711
Milwaukee Bucks,Miami Heat,0.5205743143775653
Toronto Raptors,Philadelphia 76ers,0.6016767041163483
Oklahoma City Thunder,Utah Jazz,0.519390204310669
Washington Wizards,Phoenix Suns,0.8990138691094676
Boston Celtics,Charlotte Hornets,0.7505014947866594
Brooklyn Nets,Phoenix Suns,0.7493477728959526
Cleveland Cavaliers,Chicago Bulls,0.8653037105176925
Detroit Pistons,Atlanta Hawks,0.7732246095360785
Golden State Warriors,Los Angeles Clippers,0.7496591771853531
Indiana Pacers,Washington Wizards,0.511547312084134
Los Angeles Lakers,Memphis Grizzlies,0.788774921757124
Oklahoma City Thunder,Minnesota Timberwolves,0.5342741192072198
Miami Heat,Orlando Magic,0.7818598354245655
Portland Trail Blazers,Dallas Mavericks,0.8445508697270321
New Orleans Pelicans,Sacramento Kings,0.8204132939934047
Philadelphia 76ers,Boston Celtics,0.5007108387221767
Golden State Warriors,Los Angeles Lakers,0.8234813419125248
Houston Rockets,Oklahoma City Thunder,0.6764234559058668
Milwaukee Bucks,New York Knicks,0.7069129060357559
Portland Trail Blazers,Utah Jazz,0.5147251796578466
Indiana Pacers,Atlanta Hawks,0.8327053038570094
Charlotte Hornets,Brooklyn Nets,0.6190780218490687
Minnesota Timberwolves,Chicago Bulls,0.7884878462197953
New Orleans Pelicans,Dallas Mavericks,0.8073464553576062
Washington Wizards,Detroit Pistons,0.6018207154991969
Los Angeles Clippers,Sacramento Kings,0.7924285302921454
Cleveland Cavaliers,Memphis Grizzlies,0.8570054156919793
Toronto Raptors,Miami Heat,0.7359702756260093
Orlando Magic,Phoenix Suns,0.7326236890736172
Denver Nuggets,San Antonio Spurs,0.5179938246657859
Golden State Warriors,Portland Trail Blazers,0.625758446672615
Houston Rockets,Boston Celtics,0.5941450524263818
Milwaukee Bucks,New York Knicks,0.7591495452607889
Los Angeles Lakers,Sacramento Kings,0.6293928499496855
Philadelphia 76ers,Utah Jazz,0.5590800876010433
Charlotte Hornets,Brooklyn Nets,0.6891541757775261
San Antonio Spurs,Denver Nuggets,0.5348574244348678
Indiana Pacers,Detroit Pistons,0.6119002865747196
Los Angeles Clippers,Los Angeles Lakers,0.5499373778569007
Cleveland Cavaliers,Miami Heat,0.587960604488851
Minnesota Timberwolves,Atlanta Hawks,0.847728159006744
New Orleans Pelicans,Dallas Mavericks,0.8360471933317472
Toronto Raptors,Orlando Magic,0.8953175144526729
Oklahoma City Thunder,Phoenix Suns,0.8750466233596351
Washington Wizards,Chicago Bulls,0.8296596823195531
Cleveland Cavaliers,Atlanta Hawks,0.833271571995522
San Antonio Spurs,Los Angeles Clippers,0.609490849083076
Boston Celtics,Memphis Grizzlies,0.89910637357941
Milwaukee Bucks,Brooklyn Nets,0.7560146150483867
Houston Rockets,New Orleans Pelicans,0.7733981841172217
Denver Nuggets,Phoenix Suns,0.8652300281118951
Golden State Warriors,Portland Trail Blazers,0.6445400815224148
Utah Jazz,New York Knicks,0.8187596231702943
Washington Wizards,Charlotte Hornets,0.6469231504311634
Oklahoma City Thunder,Dallas Mavericks,0.8157862571639943
Los Angeles Lakers,Sacramento Kings,0.7377060689071359
Minnesota Timberwolves,Miami Heat,0.5558352204418296
Detroit Pistons,Orlando Magic,0.7078980557943282
Philadelphia 76ers,Portland Trail Blazers,0.5580533672188592
Toronto Raptors,Chicago Bulls,0.9223879760414978
Charlotte Hornets,Orlando Magic,0.7349145994297035
Houston Rockets,Memphis Grizzlies,0.9456677024954476
Indiana Pacers,Atlanta Hawks,0.843679487070218
New Orleans Pelicans,Minnesota Timberwolves,0.508721662020845
Oklahoma City Thunder,Dallas Mavericks,0.8496077728523749
Golden State Warriors,Phoenix Suns,0.921869652328945
Boston Celtics,San Antonio Spurs,0.6260183214605114
Denver Nuggets,New York Knicks,0.8013569816659685
Philadelphia 76ers,Los Angeles Clippers,0.6583871215680878
Milwaukee Bucks,Detroit Pistons,0.5484376098043493
Portland Trail Blazers,Sacramento Kings,0.8257303352062733
Toronto Raptors,Utah Jazz,0.5989532638437676
Boston Celtics,Minnesota Timberwolves,0.5814411550384467
New Orleans Pelicans,Brooklyn Nets,0.7981453493986148
Chicago Bulls,Orlando Magic,0.5755397073559156
Charlotte Hornets,Dallas Mavericks,0.7297972639923749
Cleveland Cavaliers,Miami Heat,0.5445424078083936
Oklahoma City Thunder,Los Angeles Lakers,0.6903662432206891
Detroit Pistons,Memphis Grizzlies,0.7683780186406102
Philadelphia 76ers,Phoenix Suns,0.8915010608446021
Washington Wizards,Atlanta Hawks,0.8210826912060247
Houston Rockets,Golden State Warriors,0.6446038738450371
Denver Nuggets,Sacramento Kings,0.8156930926139845
Toronto Raptors,San Antonio Spurs,0.6874152200298312
Boston Celtics,Dallas Mavericks,0.8724624223151013
Indiana Pacers,Chicago Bulls,0.808923247777787
Utah Jazz,Cleveland Cavaliers,0.5533165169847865
Los Angeles Lakers,New York Knicks,0.6864843180818387
Brooklyn Nets,Memphis Grizzlies,0.5652710871020159
Washington Wizards,Miami Heat,0.543189164232428
Milwaukee Bucks,Atlanta Hawks,0.8061081113766742
Minnesota Timberwolves,Orlando Magic,0.8384123338597507
Los Angeles Clippers,Phoenix Suns,0.7932982125766516
Oklahoma City Thunder,Portland Trail Blazers,0.5183506838729238
New Orleans Pelicans,Cleveland Cavaliers,0.501680893285917
Denver Nuggets,Charlotte Hornets,0.679948129679315
Utah Jazz,Detroit Pistons,0.6874041476112599
Toronto Raptors,Milwaukee Bucks,0.743966819837087
Philadelphia 76ers,Dallas Mavericks,0.8789593001326509
Houston Rockets,Portland Trail Blazers,0.7620986070459415
Golden State Warriors,Sacramento Kings,0.8905172162697608
San Antonio Spurs,Memphis Grizzlies,0.8765840140081366
Miami Heat,Atlanta Hawks,0.8035878778114451
Chicago Bulls,Brooklyn Nets,0.5202278201015439
Los Angeles Clippers,Orlando Magic,0.7851180030144627
Minnesota Timberwolves,Los Angeles Lakers,0.7107779477520838
Oklahoma City Thunder,Washington Wizards,0.54696113526381
Charlotte Hornets,Phoenix Suns,0.7314583299769082
Toronto Raptors,Indiana Pacers,0.6451476225041808
Boston Celtics,Brooklyn Nets,0.8488336415255182
Los Angeles Lakers,Dallas Mavericks,0.6090503922537053
San Antonio Spurs,Detroit Pistons,0.642156999980153
Houston Rockets,Denver Nuggets,0.6951470966337174
Utah Jazz,Milwaukee Bucks,0.6432971410569253
New Orleans Pelicans,Memphis Grizzlies,0.8789551878024422
Portland Trail Blazers,New York Knicks,0.8193767108874493
Sacramento Kings,Orlando Magic,0.5542070769605106
Indiana Pacers,Cleveland Cavaliers,0.5043519534134531
Golden State Warriors,New York Knicks,0.8890374962864225
Los Angeles Clippers,Charlotte Hornets,0.6101676898519022
Denver Nuggets,Miami Heat,0.5766586476859096
Oklahoma City Thunder,Minnesota Timberwolves,0.5342741192072198
Philadelphia 76ers,Washington Wizards,0.6081359535753164
Sacramento Kings,Phoenix Suns,0.5275781570404853
Toronto Raptors,Atlanta Hawks,0.9180186833413572
Boston Celtics,Indiana Pacers,0.5502047407893895
Brooklyn Nets,Atlanta Hawks,0.6064756370354597
Dallas Mavericks,Phoenix Suns,0.7382746388290053
Houston Rockets,Milwaukee Bucks,0.7409711035286579
Detroit Pistons,Los Angeles Lakers,0.542380215762867
San Antonio Spurs,Memphis Grizzlies,0.8556926685708268
Cleveland Cavaliers,New Orleans Pelicans,0.5240750009806541
Portland Trail Blazers,Chicago Bulls,0.8639558415928337
Utah Jazz,Orlando Magic,0.8474100516074098
Philadelphia 76ers,Washington Wizards,0.6221279902217374
Denver Nuggets,Los Angeles Clippers,0.6012426477821635
Boston Celtics,Miami Heat,0.6796661731599961
Detroit Pistons,Sacramento Kings,0.7195928359566722
Oklahoma City Thunder,San Antonio Spurs,0.5396458225278292
Golden State Warriors,Chicago Bulls,0.9181414606787517
Houston Rockets,Cleveland Cavaliers,0.6852111139368464
Minnesota Timberwolves,Dallas Mavericks,0.8348439680722095
Indiana Pacers,New York Knicks,0.7594313594536365
Philadelphia 76ers,Atlanta Hawks,0.8888601151876508
Portland Trail Blazers,Charlotte Hornets,0.7049259899361157
Toronto Raptors,Brooklyn Nets,0.8930003692763128
Utah Jazz,Los Angeles Lakers,0.7245477906709091
Milwaukee Bucks,Washington Wizards,0.5062802078702132
Los Angeles Clippers,Detroit Pistons,0.5338527061657032
Miami Heat,Memphis Grizzlies,0.8485671125225753
New Orleans Pelicans,Minnesota Timberwolves,0.5225775731514077
Oklahoma City Thunder,San Antonio Spurs,0.5041795458337506
Boston Celtics,Orlando Magic,0.866846192422234
Denver Nuggets,Phoenix Suns,0.8652300281118951
Charlotte Hornets,Sacramento Kings,0.6524994386554763
Utah Jazz,Chicago Bulls,0.8634656772495002
Milwaukee Bucks,Atlanta Hawks,0.7917977563888375
Golden State Warriors,Dallas Mavericks,0.8818163919583338
Portland Trail Blazers,Denver Nuggets,0.542915872314468
Cleveland Cavaliers,Los Angeles Lakers,0.681655636011048
Philadelphia 76ers,New York Knicks,0.7947674463846243
Houston Rockets,Orlando Magic,0.9313673034367456
Toronto Raptors,Washington Wizards,0.7247020105571071
Boston Celtics,Brooklyn Nets,0.856460138924573
Houston Rockets,Memphis Grizzlies,0.9456677024954476
New Orleans Pelicans,Los Angeles Clippers,0.6085184752667575
Portland Trail Blazers,Sacramento Kings,0.8257303352062733
San Antonio Spurs,Charlotte Hornets,0.6868396363816622
Utah Jazz,Detroit Pistons,0.6351335171915806
Oklahoma City Thunder,Atlanta Hawks,0.8388146036110972
Golden State Warriors,Denver Nuggets,0.6709439915484179
Indiana Pacers,Phoenix Suns,0.9128132849018746
Los Angeles Lakers,Chicago Bulls,0.754015755402502
Miami Heat,Milwaukee Bucks,0.5490865004973967
Philadelphia 76ers,Minnesota Timberwolves,0.5958963863318345
Toronto Raptors,Boston Celtics,0.6158947522432372
San Antonio Spurs,Dallas Mavericks,0.8079808110567132
Detroit Pistons,Orlando Magic,0.7606377361862809
Golden State Warriors,New Orleans Pelicans,0.6342695024952985
Houston Rockets,Brooklyn Nets,0.9093628064023753
Utah Jazz,Los Angeles Clippers,0.6566600293926883
Milwaukee Bucks,Memphis Grizzlies,0.8201612354297831
Cleveland Cavaliers,Portland Trail Blazers,0.5082478868390038
Charlotte Hornets,Sacramento Kings,0.7433748305917796
Denver Nuggets,Chicago Bulls,0.849566993784729
Philadelphia 76ers,Indiana Pacers,0.5833221421327834
Oklahoma City Thunder,Los Angeles Lakers,0.7330865326092146
Toronto Raptors,Phoenix Suns,0.9559904619491605
Washington Wizards,New York Knicks,0.7767463907999088
Boston Celtics,Memphis Grizzlies,0.906901450450398
Miami Heat,Detroit Pistons,0.5975550477240854
Golden State Warriors,Los Angeles Clippers,0.7345777672094215
San Antonio Spurs,Minnesota Timberwolves,0.5235962916049742
Orlando Magic,Brooklyn Nets,0.5128459660874913
New Orleans Pelicans,Portland Trail Blazers,0.5045597452580758
Cleveland Cavaliers,Utah Jazz,0.5092885699196659
Boston Celtics,Atlanta Hawks,0.8813932411034748
Miami Heat,Chicago Bulls,0.7767761930607523
Charlotte Hornets,Phoenix Suns,0.8522990582245785
Cleveland Cavaliers,Denver Nuggets,0.5375113138099318
Detroit Pistons,Sacramento Kings,0.7685355742706365
Houston Rockets,Los Angeles Lakers,0.8559580644297055
Indiana Pacers,Dallas Mavericks,0.8305212126103128
Milwaukee Bucks,Orlando Magic,0.7691401364248648
Philadelphia 76ers,Oklahoma City Thunder,0.5539614196694693
Toronto Raptors,Memphis Grizzlies,0.9353936357433521
Indiana Pacers,Charlotte Hornets,0.6830244212562612
Minnesota Timberwolves,Phoenix Suns,0.9152512678343848
San Antonio Spurs,Los Angeles Clippers,0.608853973580784
Atlanta Hawks,Orlando Magic,0.5355886443688299
Boston Celtics,Miami Heat,0.5980987424694317
Brooklyn Nets,Sacramento Kings,0.600121820896877
Cleveland Cavaliers,Chicago Bulls,0.8653037105176925
Golden State Warriors,Los Angeles Lakers,0.7897668910442265
New Orleans Pelicans,Memphis Grizzlies,0.8551876840040039
Milwaukee Bucks,Dallas Mavericks,0.7905723163228737
Oklahoma City Thunder,New York Knicks,0.7674692722355856
Houston Rockets,Philadelphia 76ers,0.705596935853577
Portland Trail Blazers,Utah Jazz,0.5147251796578466
Washington Wizards,Detroit Pistons,0.572765399044965
Los Angeles Clippers,Dallas Mavericks,0.7081965598794497
Portland Trail Blazers,Oklahoma City Thunder,0.5039279443999827
Minnesota Timberwolves,Phoenix Suns,0.8550325857622001
Toronto Raptors,Sacramento Kings,0.9159983028861806
Boston Celtics,Cleveland Cavaliers,0.5491971960841591
Brooklyn Nets,Orlando Magic,0.5895465401314202
Chicago Bulls,Atlanta Hawks,0.5926473401381722
Toronto Raptors,Indiana Pacers,0.6912014794349707
Charlotte Hornets,Memphis Grizzlies,0.7082244721346956
Miami Heat,Los Angeles Clippers,0.5511781980267316
New Orleans Pelicans,Detroit Pistons,0.6213042486652889
Houston Rockets,New York Knicks,0.9076153666197525
Philadelphia 76ers,San Antonio Spurs,0.5665532799664438
Utah Jazz,Denver Nuggets,0.50232767492542
Minnesota Timberwolves,Los Angeles Lakers,0.6525180724077501
Oklahoma City Thunder,New Orleans Pelicans,0.5052003510431555
Portland Trail Blazers,Phoenix Suns,0.8729895822607755
Golden State Warriors,Washington Wizards,0.7027545289048096
Brooklyn Nets,New York Knicks,0.5388284152916019
Los Angeles Clippers,Chicago Bulls,0.7080900750162752
Cleveland Cavaliers,Miami Heat,0.5445424078083936
Detroit Pistons,Dallas Mavericks,0.7018561046379306
Denver Nuggets,Phoenix Suns,0.9116787494885814
Houston Rockets,Toronto Raptors,0.527033041806261
Memphis Grizzlies,Sacramento Kings,0.5012082802116042
Milwaukee Bucks,Charlotte Hornets,0.6240463599725452
Washington Wizards,Orlando Magic,0.7848752684843616
Utah Jazz,Minnesota Timberwolves,0.5235091931763296
Golden State Warriors,Boston Celtics,0.5901782758814186
Philadelphia 76ers,Denver Nuggets,0.5867627394409424
Indiana Pacers,Memphis Grizzlies,0.8565058747645649
San Antonio Spurs,New Orleans Pelicans,0.5214126594745168
Portland Trail Blazers,Atlanta Hawks,0.8568076882028904
Cleveland Cavaliers,Chicago Bulls,0.8095516037927017
Toronto Raptors,Dallas Mavericks,0.8925638690785993
Houston Rockets,Orlando Magic,0.92617828246689
Los Angeles Clippers,Sacramento Kings,0.7924285302921454
Los Angeles Lakers,Phoenix Suns,0.8485461811273034
Utah Jazz,Minnesota Timberwolves,0.5738870380134871
Miami Heat,New York Knicks,0.7218211255556513
Oklahoma City Thunder,Milwaukee Bucks,0.5693609513007222
San Antonio Spurs,Washington Wizards,0.515963826340994
Boston Celtics,Brooklyn Nets,0.8488336415255182
Charlotte Hornets,New York Knicks,0.692799104871719
Golden State Warriors,Indiana Pacers,0.6678074791161532
Los Angeles Clippers,Atlanta Hawks,0.7967615393871825
Denver Nuggets,Memphis Grizzlies,0.8512157255634384
Brooklyn Nets,Chicago Bulls,0.6205865994540387
Cleveland Cavaliers,Washington Wizards,0.5401320045117881
Milwaukee Bucks,Detroit Pistons,0.5798634149440617
Houston Rockets,New Orleans Pelicans,0.6883850012437793
Philadelphia 76ers,Los Angeles Lakers,0.7234544054769505
Oklahoma City Thunder,Orlando Magic,0.820111149613597
San Antonio Spurs,Phoenix Suns,0.9142100848205488
Boston Celtics,Charlotte Hornets,0.7505014947866594
Miami Heat,Chicago Bulls,0.8214196802137239
Minnesota Timberwolves,Memphis Grizzlies,0.8780209147698218
Denver Nuggets,New Orleans Pelicans,0.5124737131003441
New York Knicks,Dallas Mavericks,0.6391890404903698
Utah Jazz,Portland Trail Blazers,0.556160975488332
Sacramento Kings,Atlanta Hawks,0.571534424010403
Indiana Pacers,Washington Wizards,0.5730360343389843
Detroit Pistons,Dallas Mavericks,0.7558520050307934
Golden State Warriors,Philadelphia 76ers,0.5831094661099946
Los Angeles Clippers,Los Angeles Lakers,0.633775470186621
Indiana Pacers,Orlando Magic,0.8134506034307705
San Antonio Spurs,Brooklyn Nets,0.803699531716782
Toronto Raptors,Milwaukee Bucks,0.704101103124687
Charlotte Hornets,Memphis Grizzlies,0.7936487014561373
Houston Rockets,Denver Nuggets,0.7827139906688726
Oklahoma City Thunder,Miami Heat,0.59772194949909
Boston Celtics,New York Knicks,0.8249616774420976
Utah Jazz,Atlanta Hawks,0.8562960530438362
Charlotte Hornets,Chicago Bulls,0.7594469685766952
Cleveland Cavaliers,Dallas Mavericks,0.8460567379936823
Los Angeles Clippers,Detroit Pistons,0.5086083332939488
Golden State Warriors,Los Angeles Lakers,0.8234813419125248
Indiana Pacers,Miami Heat,0.5869741459100807
Denver Nuggets,Minnesota Timberwolves,0.5146601668811834
Orlando Magic,Brooklyn Nets,0.5128459660874913
Atlanta Hawks,Phoenix Suns,0.5209566754277809
Philadelphia 76ers,Sacramento Kings,0.849945806821506
New Orleans Pelicans,San Antonio Spurs,0.5259069443500616
Houston Rockets,Utah Jazz,0.7628527367081318
Milwaukee Bucks,Washington Wizards,0.5062802078702132
Boston Celtics,Oklahoma City Thunder,0.5391661930859681
New York Knicks,Memphis Grizzlies,0.7161233741049001
Toronto Raptors,Los Angeles Clippers,0.760364720407403
Milwaukee Bucks,Brooklyn Nets,0.7533018826250361
Denver Nuggets,Detroit Pistons,0.6338897741003724
Indiana Pacers,New Orleans Pelicans,0.5230596624042199
Houston Rockets,Phoenix Suns,0.9542232111292692
San Antonio Spurs,Sacramento Kings,0.8210141627585807
Washington Wizards,Atlanta Hawks,0.8210826912060247
Los Angeles Clippers,Charlotte Hornets,0.5426246724689661
Boston Celtics,Cleveland Cavaliers,0.6030466442611676
Indiana Pacers,Los Angeles Lakers,0.7043578702035624
Minnesota Timberwolves,Memphis Grizzlies,0.8401537861614545
Detroit Pistons,New York Knicks,0.6369550831969163
Oklahoma City Thunder,Orlando Magic,0.8529133520926631
Toronto Raptors,Philadelphia 76ers,0.6016767041163483
Portland Trail Blazers,Miami Heat,0.5416848493892844
Denver Nuggets,Brooklyn Nets,0.7929875471731247
New Orleans Pelicans,Chicago Bulls,0.8072663054931244
Charlotte Hornets,Dallas Mavericks,0.6326851028197756
Golden State Warriors,San Antonio Spurs,0.6333217087818501
Washington Wizards,Milwaukee Bucks,0.5534820195333439
Houston Rockets,Sacramento Kings,0.9349374364443905
Utah Jazz,Phoenix Suns,0.9203766867266711
Toronto Raptors,Atlanta Hawks,0.9070874688392198
Boston Celtics,Los Angeles Lakers,0.7688305672240636
Indiana Pacers,Los Angeles Clippers,0.6046355651877812
Oklahoma City Thunder,Memphis Grizzlies,0.8894361675911633
Minnesota Timberwolves,Orlando Magic,0.7933757180341862
San Antonio Spurs,Portland Trail Blazers,0.5055805353144986
Brooklyn Nets,Chicago Bulls,0.6205865994540387
Milwaukee Bucks,Dallas Mavericks,0.7639425250848695
Detroit Pistons,New York Knicks,0.7210578474901066
New Orleans Pelicans,Minnesota Timberwolves,0.508721662020845
Philadelphia 76ers,Denver Nuggets,0.57532235310346
Golden State Warriors,Phoenix Suns,0.921869652328945
Miami Heat,Sacramento Kings,0.7914657461027815
Cleveland Cavaliers,Washington Wizards,0.5740316241212283
Charlotte Hornets,Atlanta Hawks,0.6693246508332343
Boston Celtics,Los Angeles Clippers,0.6810064255578878
Washington Wizards,Chicago Bulls,0.7798421115518849
Houston Rockets,Oklahoma City Thunder,0.6764234559058668
Cleveland Cavaliers,Indiana Pacers,0.5339863297167383
New Orleans Pelicans,Memphis Grizzlies,0.8551876840040039
Milwaukee Bucks,Orlando Magic,0.7948621770183099
Toronto Raptors,New York Knicks,0.8609522859589489
San Antonio Spurs,Utah Jazz,0.5066213835406025
Atlanta Hawks,Orlando Magic,0.5355886443688299
Portland Trail Blazers,Dallas Mavericks,0.8129621688492435
Golden State Warriors,Miami Heat,0.6761082938174234
Philadelphia 76ers,Los Angeles Lakers,0.7792709558977227
Sacramento Kings,Phoenix Suns,0.7212618630747898
Milwaukee Bucks,Chicago Bulls,0.7638495996557995
Cleveland Cavaliers,New York Knicks,0.8210747811482584
Denver Nuggets,Miami Heat,0.5124459660805386
Washington Wizards,Detroit Pistons,0.6018207154991969
Houston Rockets,Dallas Mavericks,0.9243732402878149
Indiana Pacers,Charlotte Hornets,0.6830244212562612
Minnesota Timberwolves,Los Angeles Clippers,0.6120283686240211
Portland Trail Blazers,Oklahoma City Thunder,0.5039279443999827
Toronto Raptors,Brooklyn Nets,0.8930003692763128
Los Angeles Lakers,Atlanta Hawks,0.6467311203766407
Golden State Warriors,Utah Jazz,0.5849727003500138
San Antonio Spurs,Memphis Grizzlies,0.8556926685708268
New Orleans Pelicans,Orlando Magic,0.8395945572029576
Boston Celtics,Philadelphia 76ers,0.5348350581371851
Boston Celtics,Detroit Pistons,0.6875929155363532
Chicago Bulls,Memphis Grizzlies,0.6529084566510319
Cleveland Cavaliers,Brooklyn Nets,0.81855322469153
Miami Heat,Dallas Mavericks,0.7768655177591844
Denver Nuggets,Sacramento Kings,0.8382335179557814
Indiana Pacers,Milwaukee Bucks,0.5342069709589841
Los Angeles Clippers,Phoenix Suns,0.8837869259838278
Houston Rockets,Minnesota Timberwolves,0.7749283786950009
Philadelphia 76ers,New York Knicks,0.7947674463846243
Golden State Warriors,Portland Trail Blazers,0.6445400815224148
Toronto Raptors,Washington Wizards,0.6848302536198718
New York Knicks,Atlanta Hawks,0.5159616746574883
Oklahoma City Thunder,New Orleans Pelicans,0.5341506728332907
Charlotte Hornets,Orlando Magic,0.63940863688753
Portland Trail Blazers,Brooklyn Nets,0.8039641441990567
Cleveland Cavaliers,Phoenix Suns,0.9215182162059696
Golden State Warriors,Sacramento Kings,0.9114357468720988
Houston Rockets,Los Angeles Lakers,0.8690535216040617
Boston Celtics,Milwaukee Bucks,0.6886465619507869
Philadelphia 76ers,Miami Heat,0.6123622233984758
Detroit Pistons,Atlanta Hawks,0.7344913869441841
Washington Wizards,Charlotte Hornets,0.6340274717917839
Denver Nuggets,Dallas Mavericks,0.8023655437748292
New Orleans Pelicans,Indiana Pacers,0.5303128339385546
Los Angeles Clippers,Memphis Grizzlies,0.7737598073847537
Minnesota Timberwolves,New York Knicks,0.735434022320475
Utah Jazz,Oklahoma City Thunder,0.5465037567970112
Orlando Magic,Chicago Bulls,0.599858877847832
Toronto Raptors,San Antonio Spurs,0.6466573684981274
Atlanta Hawks,Phoenix Suns,0.7059181894533635
Boston Celtics,Chicago Bulls,0.8633970779266475
Charlotte Hornets,Brooklyn Nets,0.6891541757775261
Cleveland Cavaliers,Memphis Grizzlies,0.886700143488399
Houston Rockets,Golden State Warriors,0.6446038738450371
Miami Heat,Detroit Pistons,0.5587082809770947
Minnesota Timberwolves,Milwaukee Bucks,0.5660707612595961
New Orleans Pelicans,Los Angeles Lakers,0.7125738512329385
Oklahoma City Thunder,Sacramento Kings,0.8583335846880106
Philadelphia 76ers,Portland Trail Blazers,0.5585727325158786
Utah Jazz,Dallas Mavericks,0.8440034137042993
Indiana Pacers,Washington Wizards,0.5730360343389843
Denver Nuggets,Los Angeles Clippers,0.6012426477821635
San Antonio Spurs,New York Knicks,0.7582233095051981
Toronto Raptors,Orlando Magic,0.9125595940763177
San Antonio Spurs,Brooklyn Nets,0.7988024516331365
Milwaukee Bucks,Chicago Bulls,0.7638495996557995
Golden State Warriors,Charlotte Hornets,0.7848262847578701
Portland Trail Blazers,Cleveland Cavaliers,0.5108077796758417
Indiana Pacers,Detroit Pistons,0.6436724421845502
Houston Rockets,Atlanta Hawks,0.9308515547393632
Los Angeles Clippers,Dallas Mavericks,0.7806805960435433
Los Angeles Lakers,Memphis Grizzlies,0.687046067568989
Miami Heat,Phoenix Suns,0.8936989367658306
Minnesota Timberwolves,Sacramento Kings,0.844269368711658
Philadelphia 76ers,New Orleans Pelicans,0.5736222656570127
Oklahoma City Thunder,Denver Nuggets,0.5475481102203558
New York Knicks,Orlando Magic,0.645188102334895
Toronto Raptors,Boston Celtics,0.5490937599294156
Minnesota Timberwolves,Atlanta Hawks,0.8142292510667107
Boston Celtics,Portland Trail Blazers,0.5438045008344912
Washington Wizards,Brooklyn Nets,0.769793427733569
Houston Rockets,Charlotte Hornets,0.8656592515524155
Indiana Pacers,Dallas Mavericks,0.8090028716175555
New Orleans Pelicans,Los Angeles Lakers,0.6784452244830028
Memphis Grizzlies,Chicago Bulls,0.5227091633774597
Golden State Warriors,Miami Heat,0.7145673093085007
Milwaukee Bucks,Sacramento Kings,0.7791479486939209
San Antonio Spurs,Detroit Pistons,0.6160903986633285
Utah Jazz,Los Angeles Clippers,0.6280393280635218
Utah Jazz,Denver Nuggets,0.5849018389061557
Houston Rockets,Miami Heat,0.7267005948543324
Minnesota Timberwolves,Indiana Pacers,0.501222636000557
Cleveland Cavaliers,New York Knicks,0.7601742169970513
Philadelphia 76ers,Oklahoma City Thunder,0.5484038899878904
Golden State Warriors,Orlando Magic,0.8848099508877254
Atlanta Hawks,Chicago Bulls,0.5677171928604421
Boston Celtics,Washington Wizards,0.5938201126366953
Charlotte Hornets,Brooklyn Nets,0.6190780218490687
Milwaukee Bucks,Los Angeles Lakers,0.6196808143107754
New Orleans Pelicans,Phoenix Suns,0.868885487031302
Los Angeles Clippers,Sacramento Kings,0.7257035088299928
Toronto Raptors,Portland Trail Blazers,0.6392124745949065
Cleveland Cavaliers,Detroit Pistons,0.6387594039685291
Dallas Mavericks,Memphis Grizzlies,0.6527916876376613
New Orleans Pelicans,Denver Nuggets,0.5338413475453173
Indiana Pacers,Orlando Magic,0.8341644232348067
Miami Heat,Brooklyn Nets,0.7635990837656579
Golden State Warriors,Philadelphia 76ers,0.5756641559500977
Los Angeles Lakers,Phoenix Suns,0.711278844180986
Oklahoma City Thunder,San Antonio Spurs,0.5396458225278292
Utah Jazz,Milwaukee Bucks,0.5587372128721765
Houston Rockets,Boston Celtics,0.7178450953376242
Chicago Bulls,Atlanta Hawks,0.5926473401381722
Portland Trail Blazers,Charlotte Hornets,0.6799726133487203
Cleveland Cavaliers,Orlando Magic,0.849426535286534
Toronto Raptors,Detroit Pistons,0.7798851161053069
Los Angeles Clippers,New York Knicks,0.7482462846667368
Oklahoma City Thunder,Memphis Grizzlies,0.8894361675911633
Minnesota Timberwolves,Washington Wizards,0.5416668106361117
Brooklyn Nets,Dallas Mavericks,0.583214436248439
Los Angeles Clippers,Los Angeles Lakers,0.5499373778569007
Miami Heat,Atlanta Hawks,0.8125215431507993
Milwaukee Bucks,Phoenix Suns,0.8365389135978851
Sacramento Kings,New York Knicks,0.5028049068807379
Denver Nuggets,San Antonio Spurs,0.5179938246657859
New Orleans Pelicans,Utah Jazz,0.5056006410095408
Golden State Warriors,Boston Celtics,0.5347252726676437
Indiana Pacers,Chicago Bulls,0.8513693142838339
Portland Trail Blazers,Memphis Grizzlies,0.8596512855408821
Oklahoma City Thunder,Minnesota Timberwolves,0.5363278689175619
Philadelphia 76ers,Orlando Magic,0.8817095632568825
Houston Rockets,Toronto Raptors,0.6312349087567062
San Antonio Spurs,Atlanta Hawks,0.8317837062745115
Cleveland Cavaliers,Brooklyn Nets,0.8005120719984055
Philadelphia 76ers,Chicago Bulls,0.8385353045731873
Miami Heat,Charlotte Hornets,0.6298946483553381
Minnesota Timberwolves,Detroit Pistons,0.6139970793085674
Denver Nuggets,Los Angeles Lakers,0.6714877342397298
Utah Jazz,New Orleans Pelicans,0.5717453797153013
New York Knicks,Phoenix Suns,0.589226916376317
Boston Celtics,Sacramento Kings,0.873316066430802
Washington Wizards,Dallas Mavericks,0.8064586731693006
Indiana Pacers,Milwaukee Bucks,0.5970123614110685
Oklahoma City Thunder,Portland Trail Blazers,0.5183506838729238
Detroit Pistons,Chicago Bulls,0.7017482804388172
Washington Wizards,Charlotte Hornets,0.6340274717917839
Golden State Warriors,Denver Nuggets,0.6415945094617593
Houston Rockets,Philadelphia 76ers,0.6405043536821781
Oklahoma City Thunder,Los Angeles Clippers,0.6215859392630225
Utah Jazz,Memphis Grizzlies,0.8790259944228221
Cleveland Cavaliers,Miami Heat,0.587960604488851
Toronto Raptors,New Orleans Pelicans,0.6826466577881215
Orlando Magic,Dallas Mavericks,0.5618863939114495
Brooklyn Nets,Atlanta Hawks,0.5202236068357677
Boston Celtics,Los Angeles Lakers,0.7609851224778571
Milwaukee Bucks,Charlotte Hornets,0.6240463599725452
Minnesota Timberwolves,Washington Wizards,0.5192968933143317
New York Knicks,Sacramento Kings,0.6551683110783013
Portland Trail Blazers,Phoenix Suns,0.9206813063665893
New Orleans Pelicans,Atlanta Hawks,0.8312115589043295
Houston Rockets,Dallas Mavericks,0.9294872543773677
Detroit Pistons,Chicago Bulls,0.7834908748406706
Golden State Warriors,Phoenix Suns,0.9534897887043706
Orlando Magic,Memphis Grizzlies,0.5097608781543717
Toronto Raptors,Miami Heat,0.7359702756260093
Minnesota Timberwolves,New York Knicks,0.808454356303312
Philadelphia 76ers,Indiana Pacers,0.5649315434670733
San Antonio Spurs,Milwaukee Bucks,0.5386033988306331
Detroit Pistons,Brooklyn Nets,0.6895541161253373
Toronto Raptors,Cleveland Cavaliers,0.6662039579595083
Houston Rockets,Charlotte Hornets,0.8431276466623028
Boston Celtics,Los Angeles Clippers,0.7010999280524741
Oklahoma City Thunder,Utah Jazz,0.519390204310669
Washington Wizards,Sacramento Kings,0.8171492078070444
Los Angeles Lakers,Chicago Bulls,0.6089277061203868
San Antonio Spurs,Dallas Mavericks,0.8079808110567132
Minnesota Timberwolves,Denver Nuggets,0.5047656052665985
Indiana Pacers,New York Knicks,0.8036033757823763
Portland Trail Blazers,Los Angeles Clippers,0.6171817472019906
New Orleans Pelicans,Milwaukee Bucks,0.5440908548549297
Philadelphia 76ers,Cleveland Cavaliers,0.5639308418896518
Atlanta Hawks,Memphis Grizzlies,0.6153729449683275
Houston Rockets,Golden State Warriors,0.5537156050162264
Miami Heat,Detroit Pistons,0.5587082809770947
Oklahoma City Thunder,Brooklyn Nets,0.8226056659140264
Utah Jazz,Phoenix Suns,0.8907569709238498
Washington Wizards,Orlando Magic,0.8105011226687734
Boston Celtics,Sacramento Kings,0.8800494133148195
Denver Nuggets,Dallas Mavericks,0.8285170051055635
Oklahoma City Thunder,Indiana Pacers,0.5440347316967128
Cleveland Cavaliers,Orlando Magic,0.8140674933169453
Toronto Raptors,Los Angeles Lakers,0.8317385364546204
Utah Jazz,Minnesota Timberwolves,0.5235091931763296
Detroit Pistons,Los Angeles Lakers,0.600819816769904
Houston Rockets,Phoenix Suns,0.9631182528064114
Los Angeles Clippers,Chicago Bulls,0.8062292960890587
Milwaukee Bucks,Miami Heat,0.5205743143775653
Portland Trail Blazers,New Orleans Pelicans,0.5294991341406765
Philadelphia 76ers,Sacramento Kings,0.8862102102633045
San Antonio Spurs,New York Knicks,0.8063786821666588
Washington Wizards,Charlotte Hornets,0.6469231504311634
Boston Celtics,Atlanta Hawks,0.8828238191993407
Cleveland Cavaliers,Dallas Mavericks,0.8096310274105885
Indiana Pacers,Denver Nuggets,0.5364992884312673
New Orleans Pelicans,Phoenix Suns,0.9159276873120493
Golden State Warriors,Oklahoma City Thunder,0.6355457092745747
Portland Trail Blazers,San Antonio Spurs,0.5350013873295133
Utah Jazz,Brooklyn Nets,0.8162127428203526
Washington Wizards,Memphis Grizzlies,0.8557744232544717
Toronto Raptors,Detroit Pistons,0.7798851161053069
Houston Rockets,Minnesota Timberwolves,0.7128138083560531
Los Angeles Clippers,Brooklyn Nets,0.7450171039731422
Miami Heat,Charlotte Hornets,0.6337457700524576
Philadelphia 76ers,Milwaukee Bucks,0.6450551182620085
Los Angeles Lakers,New York Knicks,0.5372664499016411
Orlando Magic,Atlanta Hawks,0.5854919237339592
Sacramento Kings,Chicago Bulls,0.586043111216524
Boston Celtics,Denver Nuggets,0.5606737514393529
Cleveland Cavaliers,Detroit Pistons,0.6387594039685291
New Orleans Pelicans,Dallas Mavericks,0.8073464553576062
Oklahoma City Thunder,Miami Heat,0.5513604443630744
Chicago Bulls,Phoenix Suns,0.5060893582022656
Indiana Pacers,Portland Trail Blazers,0.507230531281826
Golden State Warriors,San Antonio Spurs,0.6638738678900689
Toronto Raptors,New York Knicks,0.8946205291337559
Utah Jazz,Washington Wizards,0.6203232964682823
Houston Rockets,Atlanta Hawks,0.9393585409278079
Philadelphia 76ers,Charlotte Hornets,0.7175128246896432
Indiana Pacers,Los Angeles Clippers,0.6110608416821897
Milwaukee Bucks,Los Angeles Lakers,0.6472994920338311
Golden State Warriors,Minnesota Timberwolves,0.6608886336292641
Brooklyn Nets,Sacramento Kings,0.5014626054922919
Washington Wizards,Chicago Bulls,0.7798421115518849
Cleveland Cavaliers,Milwaukee Bucks,0.5625994556768037
Houston Rockets,Memphis Grizzlies,0.9489166629625653
Utah Jazz,New York Knicks,0.793513608672182
Toronto Raptors,Oklahoma City Thunder,0.6600551425148172
New Orleans Pelicans,Orlando Magic,0.811823787840375
Boston Celtics,Philadelphia 76ers,0.5348350581371851
Portland Trail Blazers,Dallas Mavericks,0.8445508697270321
San Antonio Spurs,Miami Heat,0.5204002058396309
Utah Jazz,Atlanta Hawks,0.8583429331078576
Minnesota Timberwolves,Charlotte Hornets,0.6457986039736897
Golden State Warriors,Indiana Pacers,0.6317874277220936
Detroit Pistons,Phoenix Suns,0.7882540116949048
Sacramento Kings,Dallas Mavericks,0.5477480094682013
Denver Nuggets,Washington Wizards,0.5626318109487419
Cleveland Cavaliers,Los Angeles Clippers,0.6316948324476599
Houston Rockets,San Antonio Spurs,0.6875083545377796
Los Angeles Lakers,Brooklyn Nets,0.68279876887659
Miami Heat,Milwaukee Bucks,0.5490865004973967
Denver Nuggets,New York Knicks,0.7516003071537403
Orlando Magic,Memphis Grizzlies,0.6461796084898555
Toronto Raptors,Oklahoma City Thunder,0.6348929304653396
Philadelphia 76ers,Atlanta Hawks,0.8592729250736645
Utah Jazz,Chicago Bulls,0.8374941862768742
Boston Celtics,Charlotte Hornets,0.7555774606740645
Golden State Warriors,Dallas Mavericks,0.905621071876122
Minnesota Timberwolves,Memphis Grizzlies,0.8401537861614545
Portland Trail Blazers,Detroit Pistons,0.6360979373673745
Sacramento Kings,Phoenix Suns,0.7212618630747898
Miami Heat,Washington Wizards,0.524529671019843
Boston Celtics,San Antonio Spurs,0.5518378238500765
Golden State Warriors,Detroit Pistons,0.7553374123956837
Denver Nuggets,Indiana Pacers,0.5224064700510321
Los Angeles Lakers,Sacramento Kings,0.7377060689071359
Cleveland Cavaliers,Milwaukee Bucks,0.5979912650731388
Houston Rockets,New Orleans Pelicans,0.7733981841172217
Los Angeles Clippers,New York Knicks,0.6439756228244561
Toronto Raptors,Charlotte Hornets,0.8172114794958462
Oklahoma City Thunder,Memphis Grizzlies,0.8618901757676745
Philadelphia 76ers,Orlando Magic,0.8424976455844342
Portland Trail Blazers,Brooklyn Nets,0.8168365622468023
Utah Jazz,Phoenix Suns,0.9203766867266711
San Antonio Spurs,Charlotte Hornets,0.6728745725055328
Boston Celtics,Cleveland Cavaliers,0.6030466442611676
Dallas Mavericks,Sacramento Kings,0.5860976017154446
Denver Nuggets,Detroit Pistons,0.6085293486122291
Washington Wizards,Los Angeles Lakers,0.6408460575666952
Miami Heat,Orlando Magic,0.8015560208562175
Houston Rockets,Milwaukee Bucks,0.8217614713055003
Minnesota Timberwolves,Los Angeles Clippers,0.6120283686240211
New Orleans Pelicans,Atlanta Hawks,0.848854512129403
Toronto Raptors,Chicago Bulls,0.9223879760414978
Portland Trail Blazers,Chicago Bulls,0.8128838138165193
Golden State Warriors,Memphis Grizzlies,0.9131539483552097
Oklahoma City Thunder,Indiana Pacers,0.5025293532958421
Washington Wizards,Phoenix Suns,0.8485845799478267
Utah Jazz,Los Angeles Lakers,0.7245477906709091
Detroit Pistons,Orlando Magic,0.7606377361862809
Houston Rockets,Denver Nuggets,0.6951470966337174
Miami Heat,Dallas Mavericks,0.7973704575715647
Milwaukee Bucks,Los Angeles Clippers,0.5408762891034771
New Orleans Pelicans,Sacramento Kings,0.8454166411060305
Toronto Raptors,New York Knicks,0.8609522859589489
Philadelphia 76ers,Brooklyn Nets,0.856335987994
Cleveland Cavaliers,San Antonio Spurs,0.5295843321799312
Portland Trail Blazers,Atlanta Hawks,0.8362726974087435
Boston Celtics,Indiana Pacers,0.5502047407893895
Los Angeles Lakers,Charlotte Hornets,0.5355574398552285
Golden State Warriors,Minnesota Timberwolves,0.6608886336292641
Oklahoma City Thunder,Denver Nuggets,0.5131260889275342
Utah Jazz,Washington Wizards,0.5362349101062613
Boston Celtics,Brooklyn Nets,0.856460138924573
Toronto Raptors,Chicago Bulls,0.8925144522830988
Portland Trail Blazers,Detroit Pistons,0.6495744431105045
Houston Rockets,Sacramento Kings,0.9291230155170022
Indiana Pacers,Orlando Magic,0.8341644232348067
Cleveland Cavaliers,Los Angeles Clippers,0.6120277965529547
Philadelphia 76ers,Minnesota Timberwolves,0.5757615023930244
Miami Heat,New York Knicks,0.7218211255556513
Phoenix Suns,Memphis Grizzlies,0.5431554329295138
Milwaukee Bucks,Atlanta Hawks,0.7917977563888375
Denver Nuggets,Washington Wizards,0.5080055703611066
Golden State Warriors,Charlotte Hornets,0.8084056083424727
Los Angeles Clippers,Memphis Grizzlies,0.8352227115439541
New Orleans Pelicans,Los Angeles Lakers,0.7125738512329385
Oklahoma City Thunder,Dallas Mavericks,0.8496077728523749
San Antonio Spurs,Sacramento Kings,0.84250619539849
Boston Celtics,Miami Heat,0.5980987424694317
Milwaukee Bucks,Brooklyn Nets,0.7533018826250361
Philadelphia 76ers,Dallas Mavericks,0.8386050507256007
Indiana Pacers,Detroit Pistons,0.6119002865747196
Portland Trail Blazers,Minnesota Timberwolves,0.5316790094345376
New York Knicks,Chicago Bulls,0.6743446654124221
Cleveland Cavaliers,Phoenix Suns,0.8705573044369203
Toronto Raptors,Orlando Magic,0.9125595940763177
Utah Jazz,Charlotte Hornets,0.7040591142504574
Golden State Warriors,Denver Nuggets,0.6415945094617593
Oklahoma City Thunder,Los Angeles Lakers,0.7330865326092146
Houston Rockets,Sacramento Kings,0.9349374364443905
San Antonio Spurs,Atlanta Hawks,0.8459970027111653
Philadelphia 76ers,Atlanta Hawks,0.8592729250736645
Toronto Raptors,Brooklyn Nets,0.8868623886560285
Minnesota Timberwolves,Dallas Mavericks,0.7885737600047408
San Antonio Spurs,Denver Nuggets,0.5348574244348678
Indiana Pacers,Detroit Pistons,0.6436724421845502
Houston Rockets,Los Angeles Clippers,0.8302033525553558
Boston Celtics,Miami Heat,0.6796661731599961
New Orleans Pelicans,Charlotte Hornets,0.691573660525173
Orlando Magic,New York Knicks,0.5171096566664712
Utah Jazz,Phoenix Suns,0.8907569709238498
Portland Trail Blazers,Memphis Grizzlies,0.885538060683805
Washington Wizards,Chicago Bulls,0.8296596823195531
Golden State Warriors,Los Angeles Lakers,0.7897668910442265
Philadelphia 76ers,Milwaukee Bucks,0.6295596097130223
Cleveland Cavaliers,Sacramento Kings,0.8225769660752413
Toronto Raptors,Charlotte Hornets,0.802417655291677
Dallas Mavericks,Memphis Grizzlies,0.6527916876376613
Portland Trail Blazers,Denver Nuggets,0.542915872314468
Golden State Warriors,Cleveland Cavaliers,0.6308400154917493
Houston Rockets,New York Knicks,0.9107599695202795
Boston Celtics,Indiana Pacers,0.6301481389829159
Los Angeles Clippers,Los Angeles Lakers,0.633775470186621
Minnesota Timberwolves,Miami Heat,0.5237309225918987
Oklahoma City Thunder,Detroit Pistons,0.6450862918299253
Orlando Magic,Atlanta Hawks,0.5854919237339592
New Orleans Pelicans,Phoenix Suns,0.868885487031302
Utah Jazz,Sacramento Kings,0.8529981310672994
San Antonio Spurs,Washington Wizards,0.5714202047313635
Philadelphia 76ers,Chicago Bulls,0.8385353045731873
Milwaukee Bucks,Brooklyn Nets,0.7560146150483867
Boston Celtics,Orlando Magic,0.875339369534857
San Antonio Spurs,Cleveland Cavaliers,0.5027017687071845
Detroit Pistons,Charlotte Hornets,0.5765071719140076
Golden State Warriors,Los Angeles Clippers,0.7496591771853531
Houston Rockets,Phoenix Suns,0.9631182528064114
Indiana Pacers,Brooklyn Nets,0.8008953051848484
Utah Jazz,Los Angeles Lakers,0.7219173309954889
Dallas Mavericks,Memphis Grizzlies,0.5162833673447584
Milwaukee Bucks,Atlanta Hawks,0.8061081113766742
Oklahoma City Thunder,Minnesota Timberwolves,0.5363278689175619
Washington Wizards,New York Knicks,0.7253749840428361
Portland Trail Blazers,Denver Nuggets,0.5033686443647897
New Orleans Pelicans,Sacramento Kings,0.8204132939934047
Toronto Raptors,Miami Heat,0.6886528485664584
Chicago Bulls,New York Knicks,0.524486807537976
Cleveland Cavaliers,Charlotte Hornets,0.7073156902864903
Dallas Mavericks,Phoenix Suns,0.7382746388290053
Detroit Pistons,Memphis Grizzlies,0.8151063299191951
Portland Trail Blazers,Los Angeles Lakers,0.686358634484417
Philadelphia 76ers,Miami Heat,0.6354829431691318
Toronto Raptors,Minnesota Timberwolves,0.684539713663336
Golden State Warriors,New Orleans Pelicans,0.658924365883707
Houston Rockets,Oklahoma City Thunder,0.7549479259342348
Utah Jazz,Denver Nuggets,0.50232767492542
Boston Celtics,Washington Wizards,0.6670819401459884
Indiana Pacers,Atlanta Hawks,0.8327053038570094
Miami Heat,Brooklyn Nets,0.7666294482202101
Charlotte Hornets,Orlando Magic,0.7349145994297035
Minnesota Timberwolves,Denver Nuggets,0.5047656052665985
Utah Jazz,Los Angeles Clippers,0.6566600293926883
Golden State Warriors,Memphis Grizzlies,0.9131539483552097
Oklahoma City Thunder,Milwaukee Bucks,0.6076735427866632
Detroit Pistons,New York Knicks,0.6369550831969163
Philadelphia 76ers,Chicago Bulls,0.8946050340211062
Portland Trail Blazers,Sacramento Kings,0.8535194993811347
San Antonio Spurs,Dallas Mavericks,0.8329951899631526
